{"file_hashes":[{"block_hashes":["KFjXUZ3hJs57UwDhfBoGAkbGlDfp/oCy4MxOElR+59Y=","tHTtJa6ybZmElpeHwjrDDm6KsqucCEtoDSEltETGp+A="],"block_size":4096,"path":"BackgroundScripts/BackgroundJavaScriptServer.js"},{"block_hashes":["GDja4WwqzVOsQPs9kcwgYrHSpQpXHDR6SSif1q9vWxw="],"block_size":4096,"path":"BackgroundScripts/BackgroundLogging.js"},{"block_hashes":["t57O7uHKTB+BFfivJaiPWYue7e1QDHC9It7Fw1BzZXs=","keQDvau52X6XHKKsfWTUesHA0cIUL7D+dgLTMJ0u9yQ="],"block_size":4096,"path":"BackgroundScripts/BrowserSettings.js"},{"block_hashes":["u2lQrdv5huV9e0/VesUkPLs5zncWnbiQf02we4whM6w=","wf08ZYsU0VcTgQlVSO5GRqGQBXSBChgvP98Dox38UiI=","k9lHf6TJ0r5V+YU/mJ+D2sXVdxd8n8cjGw0T8ZkvifU="],"block_size":4096,"path":"BackgroundScripts/CommonJavaScriptServer.js"},{"block_hashes":["HnyEkxhfFVotfjjCjSBiebhEnfjTg93vru6edunOv1c="],"block_size":4096,"path":"BackgroundScripts/InitializationRoutine.js"},{"block_hashes":["01VUa7zZ9QxudU37lufP3+qel0Cx3FK7KBrQQegegvY="],"block_size":4096,"path":"Injected/shadowDOMUnlockerInjector.js"},{"block_hashes":["vy9ooQprlynCVyTH4u6QO9HHu71/83rVzaJuJepY3qM=","wA2AnPHxsG8K0lF+qoH22Q+X3AlSBbkriMdk89fBS4M=","uugjCIxScUjvWsh9chTosA1FHgoHBLqgNUTb6qyyYSM=","NYSlqhKl13CEkD0xRy3F8pacdqGGCdprxRz1DbdaWPU=","DgGwusT+J5r3QBlnavJFdQPSeJag56uXKysdCdELPs4=","MjXyQDRYJjmXzTj5+6jrDhz67hvtUSRYsvnG2hanNVk=","hjwAvDvTreBNjWNeKX3drARm0yz/z2dhn5q7RA1UTrU=","vhvZbUUcbZLR1fZDwnX4CFoAF9urqrHIgL+adq/B3kA=","QxTc86eD9PJ/dNuWxNZpgt/OjeeE7/t11VqUomS0QKc=","jhMB1vuzZY0BHg04MvcNXNWgavFOiY0z0lh982P6WFM=","TjIC4N4F3z15TL+NkLcIUIQoW468t+AT0HHSaleW6dI=","ciJBiDECeMZTMpxrluFyysWnj1V03GsySfzI3HRqyBc=","Ui4teNSACGnuCz0mvI7Z+8G1ioAP/p+d9axdzUjg1EI=","wtyhE0U4kciHPVU/3EwnLVEUXFHy9sHKgYTehSdRd5s=","epVbL8rIusOr9A7BVpR162egK9SP+kFpinYDNSQN3E0=","Ttug3as6LU0bsqPy+aM+51n8pCY4f58m/BBQu8JZe58=","WQlhwsvIeZXc1x6qCXf/dOmsRevuUD46AogW4MiNYUY=","WNJGnby4wfkk9KIGwyQT+2gxAdm9L4wkxw9epZcopBo=","fgGcQFDwVgcXfb+2IS2oH5H/n7qd1vK7Rx1+CjruYig=","aQaAQPvmYbIuWd44aeh8QKMXcR9oPUj2F2hxSzK8fwk=","t6/+gneSCZPzRN094rLyaRGdldgpW+YVpFXD6H3gIY8=","KmsACLilT2iN9RZzxhCTumv/hcc8Rwm3cR85G9Ufepc=","VAdAnXVMaEVqhvROA8DJoAX/0D8f8S770egGAmcogRc=","C24xWH/ZpXeEHXKi8NtMa3j0SloORCp3b/2sCaHSgiY=","Xczgf7mxwjUy0zQFx3hlmG+rSA9YS2SZoKSXe86LXrA=","UiW5QYoiJu/UYh+H7fxuhaidhY00l0A3gPLsPRyTWB0="],"block_size":4096,"path":"Injected/TOSCAChromeAutomation.js"},{"block_hashes":["vy9ooQprlynCVyTH4u6QO9HHu71/83rVzaJuJepY3qM=","wA2AnPHxsG8K0lF+qoH22Q+X3AlSBbkriMdk89fBS4M=","uugjCIxScUjvWsh9chTosA1FHgoHBLqgNUTb6qyyYSM=","NYSlqhKl13CEkD0xRy3F8pacdqGGCdprxRz1DbdaWPU=","DgGwusT+J5r3QBlnavJFdQPSeJag56uXKysdCdELPs4=","MjXyQDRYJjmXzTj5+6jrDhz67hvtUSRYsvnG2hanNVk=","hjwAvDvTreBNjWNeKX3drARm0yz/z2dhn5q7RA1UTrU=","vhvZbUUcbZLR1fZDwnX4CFoAF9urqrHIgL+adq/B3kA=","QxTc86eD9PJ/dNuWxNZpgt/OjeeE7/t11VqUomS0QKc=","jhMB1vuzZY0BHg04MvcNXNWgavFOiY0z0lh982P6WFM=","TjIC4N4F3z15TL+NkLcIUIQoW468t+AT0HHSaleW6dI=","ciJBiDECeMZTMpxrluFyysWnj1V03GsySfzI3HRqyBc=","Ui4teNSACGnuCz0mvI7Z+8G1ioAP/p+d9axdzUjg1EI=","1+0l0rrIVE8s91H7M1I5t1xHsFr7QWZ5rUDRcQJId4M=","EVNEL2rPVH2pOnEkgWPAw01S5ge0Kyv3xHCY8UrZQy0=","DttkQlK+UEmIN1qNuo75cwKtlkLkN2gQvfCqRT26guU=","xqX+UeSNzieeTymU9IFswXkZUxzbGAoEPQ4AdX1Qc68="],"block_size":4096,"path":"Injected/TOSCAChromeRootServer.js"},{"block_hashes":["q0qcbbsNQQGB7n4Nnz7tI2XRODSVy/YKk5JjNxQu8pE=","21DSqlhr6JcY6x5/JyhbjaRfK/TU3W8v25Rd3STUOxc="],"block_size":4096,"path":"Resources/ajaxTracer.js"},{"block_hashes":["6jxHHcpFw6S0dT7veYBx3qScLj79PXBRLFiAV8XdLBI="],"block_size":4096,"path":"Resources/alertAlerter.js"},{"block_hashes":["8nWadD/87Bk5sXJTtUZmsQLtKOWektOXFLRornTQqU8="],"block_size":4096,"path":"Resources/logo.png"},{"block_hashes":["/AJPb8wWNih8LMS3QQH/v5nbFxepSZnZkgfbRitYFHk="],"block_size":4096,"path":"Resources/notification.html"},{"block_hashes":["DXDHCHzInpjrAMG26rx+laxRIW+YVNuL+c42mX+kQ3Q="],"block_size":4096,"path":"Resources/notification.js"},{"block_hashes":["VYfSlzeSpg3dWHjzLuUo+UClMPsgsleMvRKyLTi2gaI=","M/MaWy+Y23/+Q7F0ofE4bIQVODHUiSVJA8mnZuQ7dD8="],"block_size":4096,"path":"Resources/options.html"},{"block_hashes":["ZrXZ3zvGA4DFLc2Kra+IrJoCH5ABEH5G4P6e7poh4Zs="],"block_size":4096,"path":"Resources/options.js"},{"block_hashes":["EBv498Pygnd32hRBLRRDm/YmNcKyq2VDIsZcqEEtrBE="],"block_size":4096,"path":"Resources/sapui5.js"},{"block_hashes":["tjsGYk0Oyvn3kqYWcdCpBdWC86GZnmi+95/ghsmUvlM="],"block_size":4096,"path":"Resources/shadowDOMUnlocker.js"},{"block_hashes":["HT0O5C+nn7mBeUhjA41KSyTp+fPG0nqckWoF69olszc=","7bNDv4bjNuNYcToQlrQ0okjczTVxikfsoyogL1AL1SA=","I22kOxeON1iGUxP6cOYaQ8LxYIVu0a010uti6PLKmfI=","7DvkAfNibkNmNR8zvVKhTuK/zC8LsHLzlixXaL80ZgE=","G/getc/Hc7X3j4jLHlZaFL1kO0/4TGMZ+2hDGFeYIjM=","83RYMHOW9Xq/jiGN1FEXxSjvR5+vUTEAWMvXeZLCAbU=","xJslfbaLNMulIKYzHBX6C7RPEDiIkfSccYUhuD4gs9g=","GlGcX1VoBhl7tbakjSBUQcuBlfKgb//HuNpq8k6U4kg="],"block_size":4096,"path":"Resources/wgxpath.install.js"}],"version":2}